Levenshtein package	TIME Levenshtein package	Recursive	TIME Recursive	My memroy optimized Levenshtein	TIME My memroy optimized Levenshtein	My sick Levenshtein	TIME My sick Levenshtein
3	0.0005559921264648438	3	0.0007574558258056641	3	3.719329833984375e-05	3	0.001580953598022461	actttctg	ctactg
6	5.14984130859375e-05	6	2.2172927856445312e-05	6	1.4781951904296875e-05	6	0.00024199485778808594	ta	cttgctga
6	4.00543212890625e-05	6	7.081031799316406e-05	6	1.7404556274414062e-05	6	0.0004572868347167969	gaa	acccaaat
7	6.365776062011719e-05	7	0.0015559196472167969	7	4.172325134277344e-05	7	0.0016262531280517578	ataggacgaa	gtact
7	6.723403930664062e-05	7	0.00029754638671875	7	3.24249267578125e-05	7	0.000865936279296875	acgcaggaa	ggtg
7	5.53131103515625e-05	7	1.71661376953125e-05	7	2.7894973754882812e-05	7	0.0006222724914550781	tgacctgcat	tcg
8	6.461143493652344e-05	8	0.0014846324920654297	8	3.6716461181640625e-05	8	0.002205371856689453	ggata	cattaacaaa
7	0.00010609626770019531	7	0.00038909912109375	7	7.152557373046875e-05	7	0.0011420249938964844	taccaacgg	ctca
4	6.818771362304688e-05	4	9.083747863769531e-05	4	3.170967102050781e-05	4	0.0010313987731933594	gcgaggtc	gtggt
3	2.8848648071289062e-05	3	8.58306884765625e-06	3	1.33514404296875e-05	3	6.699562072753906e-05	ctgg	tc
7	6.604194641113281e-05	7	0.008458137512207031	7	5.650520324707031e-05	7	0.002436399459838867	tatcca	agcattttta
3	4.172325134277344e-05	3	9.5367431640625e-06	3	1.239776611328125e-05	3	0.00010371208190917969	ct	atcta
5	5.6743621826171875e-05	5	0.002864360809326172	5	3.62396240234375e-05	5	0.0014638900756835938	aatcgc	gttgaagc
4	4.553794860839844e-05	4	1.6450881958007812e-05	4	1.8596649169921875e-05	4	0.0002315044403076172	tccata	ttt
3	3.838539123535156e-05	3	0.0001399517059326172	3	2.0503997802734375e-05	3	0.0004324913024902344	tcagg	agacg
6	5.030632019042969e-05	6	0.0007674694061279297	6	2.5987625122070312e-05	6	0.0010542869567871094	aaaac	ggtcatca
5	6.914138793945312e-05	5	0.0025517940521240234	5	4.2438507080078125e-05	5	0.0023500919342041016	ttccattcc	gctcatc
3	3.790855407714844e-05	3	5.245208740234375e-06	3	1.8358230590820312e-05	3	0.00023174285888671875	ttggtc	tgg
6	5.817413330078125e-05	6	0.0037653446197509766	6	3.4332275390625e-05	6	0.0015027523040771484	accgctca	ctgagg
4	5.245208740234375e-05	4	0.00025653839111328125	4	2.574920654296875e-05	4	0.0005145072937011719	aaagtac	gcac
6	4.100799560546875e-05	6	4.0531158447265625e-06	6	1.8835067749023438e-05	6	0.0005595684051513672	cct	ccatcctgc
4	6.937980651855469e-05	4	0.0013191699981689453	4	3.8623809814453125e-05	4	0.0023741722106933594	catacaa	gacacagca
7	8.249282836914062e-05	7	0.0298922061920166	7	5.459785461425781e-05	7	0.004396915435791016	gggcctaaa	cctcgcagc
5	5.793571472167969e-05	5	0.0006997585296630859	5	2.6226043701171875e-05	5	0.0008273124694824219	gacaat	ttacgc
6	7.009506225585938e-05	6	0.0043010711669921875	6	3.9577484130859375e-05	6	0.0021848678588867188	tacatttct	tggtgac
5	8.0108642578125e-05	5	0.0027577877044677734	5	4.601478576660156e-05	5	0.0029096603393554688	gcgcaagta	gggtcggt
3	5.6743621826171875e-05	3	0.0002238750457763672	3	2.47955322265625e-05	3	0.0007781982421875	taaggc	tccgtc
6	2.9087066650390625e-05	6	8.821487426757812e-06	6	1.1920928955078125e-05	6	0.00020956993103027344	gt	tgccttct
5	2.86102294921875e-05	5	0.00010704994201660156	5	1.33514404296875e-05	5	0.00023126602172851562	cgg	aacaat
5	5.1021575927734375e-05	5	0.0010733604431152344	5	2.8848648071289062e-05	5	0.001344919204711914	gcgacg	ctccacat
5	4.887580871582031e-05	5	0.0001819133758544922	5	2.384185791015625e-05	5	0.000978708267211914	gaaca	gcgcattg
6	7.081031799316406e-05	6	0.02089381217956543	6	5.269050598144531e-05	6	0.0030176639556884766	tgatagctt	ctcgaaca
3	3.814697265625e-05	3	2.5510787963867188e-05	3	1.1682510375976562e-05	3	7.200241088867188e-05	gcc	atg
7	3.9577484130859375e-05	7	2.2172927856445312e-05	7	2.288818359375e-05	7	0.00043582916259765625	ccgcattgg	ctc
6	2.7179718017578125e-05	6	5.0067901611328125e-06	6	1.1682510375976562e-05	6	0.0002086162567138672	cg	catagaat
5	4.220008850097656e-05	5	0.0016846656799316406	5	2.5987625122070312e-05	5	0.0007841587066650391	ggcaaa	ttgctt
4	3.552436828613281e-05	4	5.245208740234375e-06	4	1.5020370483398438e-05	4	0.000469207763671875	caa	ccaagac
5	5.14984130859375e-05	5	0.0018465518951416016	5	5.2928924560546875e-05	5	0.0013332366943359375	ggcatc	cttcctg
4	7.367134094238281e-05	4	9.441375732421875e-05	4	3.528594970703125e-05	4	0.0018401145935058594	tacgaccgc	tatccc
3	6.222724914550781e-05	3	0.0004703998565673828	3	2.7179718017578125e-05	3	0.0008087158203125	gatcc	tatccga
6	7.700920104980469e-05	6	0.009986162185668945	6	4.00543212890625e-05	6	0.001859903335571289	cgtttat	agaccctg
5	6.985664367675781e-05	5	0.0025186538696289062	5	3.2901763916015625e-05	5	0.0017361640930175781	ggtgccgg	tagcctc
5	8.153915405273438e-05	5	0.0005619525909423828	5	2.5510787963867188e-05	5	0.0012943744659423828	ttcga	catcgaatt
6	4.601478576660156e-05	6	5.245208740234375e-05	6	2.6226043701171875e-05	6	0.0007131099700927734	attgccgac	aggt
1	1.9788742065429688e-05	1	3.0994415283203125e-06	1	8.821487426757812e-06	1	3.6716461181640625e-05	cga	ca
2	2.2649765014648438e-05	2	1.8596649169921875e-05	2	1.1920928955078125e-05	2	0.00010561943054199219	aacc	gcc
4	3.552436828613281e-05	4	0.0003514289855957031	4	2.1457672119140625e-05	4	0.0005800724029541016	tccaaa	aaaat
2	2.2649765014648438e-05	2	1.8835067749023438e-05	2	1.049041748046875e-05	2	0.00010895729064941406	cga	tgga
5	5.888938903808594e-05	5	0.0041010379791259766	5	3.7670135498046875e-05	5	0.002210378646850586	tcgccttg	gggtcccg
6	3.0279159545898438e-05	6	3.0994415283203125e-06	6	1.1682510375976562e-05	6	0.0002810955047607422	ca	cgagtctg
6	6.127357482910156e-05	6	0.002019166946411133	6	3.528594970703125e-05	6	0.0021927356719970703	gccgtcg	ccccatgac
4	2.3365020751953125e-05	4	1.3589859008789062e-05	4	8.58306884765625e-06	4	6.222724914550781e-05	tg	gcat
7	4.744529724121094e-05	7	0.0018472671508789062	7	2.9087066650390625e-05	7	0.0010848045349121094	tgttccggg	aatgt
4	4.458427429199219e-05	4	0.00042057037353515625	4	2.574920654296875e-05	4	0.0009794235229492188	gagaata	ccaaat
4	3.2901763916015625e-05	4	8.249282836914062e-05	4	1.7881393432617188e-05	4	0.0003476142883300781	aagttt	tgtg
4	2.5987625122070312e-05	4	7.748603820800781e-05	4	1.2874603271484375e-05	4	0.0001742839813232422	ctaa	gcct
7	6.365776062011719e-05	7	0.007205963134765625	7	3.4809112548828125e-05	7	0.001544952392578125	caacacgcg	gggatg
7	6.890296936035156e-05	7	0.021977663040161133	7	5.9604644775390625e-05	7	0.002808809280395508	taattgttt	cagctcgc
5	6.771087646484375e-05	5	0.0002491474151611328	5	1.8358230590820312e-05	5	0.0002658367156982422	gtgc	acctt
1	2.3603439331054688e-05	1	1.9073486328125e-06	1	8.58306884765625e-06	1	3.743171691894531e-05	gac	ga
6	5.841255187988281e-05	6	0.0021033287048339844	6	3.5762786865234375e-05	6	0.0018701553344726562	tgaacgacgg	gtgtcg
8	5.030632019042969e-05	8	0.0014042854309082031	8	2.6941299438476562e-05	8	0.001583099365234375	cgccc	ggaacgtatg
5	5.269050598144531e-05	5	0.0021219253540039062	5	2.8848648071289062e-05	5	0.0014431476593017578	cacttta	actgacg
2	3.0517578125e-05	2	8.344650268554688e-06	2	1.5497207641601562e-05	2	0.00026416778564453125	caaa	ctaac
1	1.6927719116210938e-05	1	3.814697265625e-06	1	6.67572021484375e-06	1	2.288818359375e-05	gc	cc
6	2.6464462280273438e-05	6	3.719329833984375e-05	6	1.5735626220703125e-05	6	0.00016236305236816406	tgcggaat	at
6	4.458427429199219e-05	6	0.0011832714080810547	6	2.5033950805664062e-05	6	0.001165151596069336	ctaac	gatgggacc
4	2.8371810913085938e-05	4	1.4066696166992188e-05	4	1.6450881958007812e-05	4	0.0002040863037109375	tgctag	taa
7	3.504753112792969e-05	7	1.52587890625e-05	7	1.71661376953125e-05	7	0.0005807876586914062	cag	cgttagatgc
6	2.6941299438476562e-05	6	6.9141387939453125e-06	6	1.6927719116210938e-05	6	0.00016307830810546875	gtaactga	tt
3	3.886222839355469e-05	3	0.00010156631469726562	3	2.09808349609375e-05	3	0.0007483959197998047	aatgg	agctagg
4	5.817413330078125e-05	4	0.00048232078552246094	4	2.4318695068359375e-05	4	0.000598907470703125	accagg	ctgtg
6	5.221366882324219e-05	6	0.003325223922729492	6	2.6941299438476562e-05	6	0.0012850761413574219	gttggt	taagccga
5	7.700920104980469e-05	5	6.198883056640625e-06	5	5.1021575927734375e-05	5	0.0015666484832763672	taggg	taggtgtgaa
6	4.553794860839844e-05	6	2.3365020751953125e-05	6	2.2172927856445312e-05	6	0.0009706020355224609	cgta	cagattagat
2	1.7404556274414062e-05	2	5.0067901611328125e-06	2	6.9141387939453125e-06	2	2.3126602172851562e-05	gt	cg
4	2.0742416381835938e-05	4	5.245208740234375e-06	4	9.059906005859375e-06	4	8.845329284667969e-05	gc	gtttg
8	2.5987625122070312e-05	8	1.5020370483398438e-05	8	1.1444091796875e-05	8	0.0002474784851074219	gc	cgaatataa
4	2.8371810913085938e-05	4	3.814697265625e-05	4	1.5497207641601562e-05	4	0.0002040863037109375	tgtcgt	att
4	5.888938903808594e-05	4	0.0008416175842285156	4	3.743171691894531e-05	4	0.0022263526916503906	ttttgatc	ctttacct
3	2.9802322387695312e-05	3	5.078315734863281e-05	3	1.3113021850585938e-05	3	0.00017642974853515625	taga	cgta
7	6.413459777832031e-05	7	0.018903493881225586	7	4.1484832763671875e-05	7	0.0027844905853271484	cctcttaata	tgacgta
6	5.8650970458984375e-05	6	0.0012259483337402344	6	3.266334533691406e-05	6	0.0015530586242675781	actttcaat	gtatta
5	4.100799560546875e-05	5	0.0006301403045654297	5	2.2172927856445312e-05	5	0.0007393360137939453	atgccc	gttgga
4	4.506111145019531e-05	4	0.0001633167266845703	4	2.47955322265625e-05	4	0.0011544227600097656	gtacat	gcagaac
6	6.175041198730469e-05	6	0.0040242671966552734	6	3.5762786865234375e-05	6	0.0020799636840820312	ccccaatta	ctggaca
6	5.7697296142578125e-05	6	0.0022897720336914062	6	3.504753112792969e-05	6	0.002070903778076172	tgccgttagt	gcacta
3	2.6702880859375e-05	3	1.0967254638671875e-05	3	1.1920928955078125e-05	3	7.772445678710938e-05	gctga	ca
5	4.9591064453125e-05	5	3.5762786865234375e-05	5	2.6941299438476562e-05	5	0.0014319419860839844	gtacc	gctaccgtta
7	5.14984130859375e-05	7	0.0057718753814697266	7	2.9087066650390625e-05	7	0.0016682147979736328	cacacc	tatgaatgg
6	8.440017700195312e-05	6	0.008773088455200195	6	3.743171691894531e-05	6	0.002193927764892578	atgggtagg	gggccaa
5	3.337860107421875e-05	5	4.982948303222656e-05	5	1.4543533325195312e-05	5	0.0002980232238769531	cct	gttccca
6	4.458427429199219e-05	6	0.0035092830657958984	6	2.574920654296875e-05	6	0.0009744167327880859	gaagggc	actcat
4	4.38690185546875e-05	4	5.793571472167969e-05	4	2.288818359375e-05	4	0.0009310245513916016	tttgg	ttactaga
5	2.2411346435546875e-05	5	3.075599670410156e-05	5	9.5367431640625e-06	5	0.00011992454528808594	ta	gcgctt
6	6.961822509765625e-05	6	0.018269777297973633	6	4.458427429199219e-05	6	0.003504037857055664	gtgaaggta	atggctatt
4	5.078315734863281e-05	4	0.0008633136749267578	4	2.8133392333984375e-05	4	0.0010645389556884766	ggtgcct	cccgcc
7	5.793571472167969e-05	7	0.024785757064819336	7	3.337860107421875e-05	7	0.0017209053039550781	aaagaat	cttgtccc
4	3.457069396972656e-05	4	5.6743621826171875e-05	4	1.4781951904296875e-05	4	0.0004520416259765625	gtc	agagtcg
7	4.100799560546875e-05	7	0.00013136863708496094	7	2.2411346435546875e-05	7	0.0004191398620605469	agtgggatg	tct
